Cliente;Sum of Referência - Qtde Processo Ano;Sum of Referência - Valor Total Ano;Total NF;Qtde Processos;Projecao Rea, Processos;Projecao Rea, Faturamento;Referência - Qtde Processo Mês;Projecao Qtde Processo Mes
CS3 MARMORES E GRANITOS LTDA;179,5555556;92050779,12;31423994,36999998;52;44,88888888;23012694,78;14,96296296;17,333333333333332
CAJUGRAM IMPORTADORA E DISTRIBUIDORA LTDA;139,1111111;51161512,25;14667036,869999992;30;34,77777777;12790378,062;11,59259259;10
Macroex Comercial Importadora e Exportadora Ltda;138,2222222;55025740,85;4307387,7;14;34,55555556;13756435,212000001;11,51851852;4,666666666666667
ACTUS ATACADO LTDA;107,2;62030560,62;8529887,299999999;12;26,799999999;15507640,155;8,933333333;4
VIMINAS VIDROS ESPECIAIS LTDA;76,88888889;39487412,01;13625995,64;13;19,222222221;9871853,004;6,407407407;4,333333333333333
KAMELL COMERCIO GLOBAL LTDA;57,33333333;20935954,34;15128197,420000004;25;14,333333333999999;5233988,583000001;4,777777778;8,333333333333334
SKYSTONE DO BRASIL LTDA;55;17543753,62;;;13,749999999;4385938,404;4,583333333;
NOBREDO COMERCIO E LOGISTICA LTDA;53,33333333;22545519,44;4829002,97;5;13,333333332;5636379,861;4,444444444;1,6666666666666667
AMT TRADING LTDA;52;13963443,51;4491928,85;13;12,999999999;3490860,879;4,333333333;4,333333333333333
"AMERICANAS S;A;";48,44444444;17438204,81;;;12,111111111;4359551,202;4,037037037;
"CS3 COMPANY IMP; EXP; LTDA";43,11111111;19487315,94;;;10,777777779000001;4871828,985;3,592592593;
TURIMEX IMPORTACAO E EXPORTACAO LTDA;41,77777778;7467393,644;3422866,83;11;10,444444443;1866848,4111000001;3,481481481;3,6666666666666665
CASTAS COMERCIO E IMPORTACAO DE BEBIDAS LTDA;32,88888889;10145232,83;5508005,65;18;8,222222223000001;2536308,2079;2,740740741;6
SUMATEX PRODUTOS QUIMICOS LTDA;27,11111111;8045337,489;5708963,299999997;18;6,777777776999999;2011334,3721;2,259259259;6
"M;A ATACADO DE PECAS PNEUS E ACESSORIOS LTDA";26;15567358,87;;;6,500000001;3891839,715;2,166666667;
GRAMARCAL GRANITOS E MARMORES CACHOEIRO LTDA;25,77777778;7476900,542;2372764,81;9;6,444444444;1869225,1356000002;2,148148148;3
MR TRADING LTDA;25,33333333;8405395,204;3766011,360000001;12;6,333333333000001;2101348,8012;2,111111111;4
PANORAMA MARMORES E GRANITOS LTDA;25,33333333;3430428,356;310528,03;2;6,333333333000001;857607,0888;2,111111111;0,6666666666666666
EXATA COMERCIO E DISTRIBUICAO DE MATERIAIS EM GERAL LTDA;19,2;9036154,568;7978958,000000002;19;4,800000000000001;2259038,6421;1,6;6,333333333333333
OPUS IMPORTACAO E COMERCIO DE EQUIPAMENTOS PARA MINERACAO LTDA;19,11111111;3667917,889;1021091,84;2;4,777777779;916979,4723;1,592592593;0,6666666666666666
"ZANEPAN COM; ATACADISTA DE GENEROS ALIMENTICIOS LTDA";19,11111111;3684639,831;;;4,777777779;921159,9578999999;1,592592593;
JEVIN COMERCIO E SERVICOS LTDA;18,66666667;1199512,293;341673,31;1;4,666666668;299878,07334;1,555555556;0,3333333333333333
OZA ROCHAS DO BRASIL LTDA;16,44444444;4769351,978;1428064,41;4;4,11111111;1192337,9943000001;1,37037037;1,3333333333333333
ROTEC EQUIPAMENTOS INDUSTRIAIS LTDA;16,44444444;1537037,316;251063,37;5;4,11111111;384259,329;1,37037037;1,6666666666666667
SANTO ANTONIO GRANITOS LTDA;15,55555556;5952181,107;1439848,8599999999;3;3,888888888;1488045,2766;1,296296296;1
ARMAZEM OFFSHORE COMERCIAL E IMPORTADORA LTDA;14,22222222;1689798,76;153319,78;3;3,5555555549999998;422449,6899;1,185185185;1
SETE DISTRIBUIDORA DE INSUMOS E ROCHAS LTDA;14,22222222;5535583,071;3300488,57;6;3,5555555549999998;1383895,7678999999;1,185185185;2
POLYCRON TEXTIL INDUSTRIAL LTDA;13,33333333;4650604,173;1471993,38;3;3,333333333;1162651,0433999998;1,111111111;1
ANBORDU COMERCIAL IMPORTADORA E EXPORTADORA LTDA ME;11,55555556;425772,4044;116974,48999999998;8;2,888888889;106443,1011;0,962962963;2,6666666666666665
REZZOLUT SOLUCOES ANTICORROSIVAS LTDA;11,55555556;1100889,418;52062,83;1;2,888888889;275222,35443;0,962962963;0,3333333333333333
MINING CONSULTING AND TRAINING LTDA;11,11111111;2018347,093;522728,9099999999;4;2,777777778;504586,7733;0,925925926;1,3333333333333333
BRASLAB PRODUTOS OTICOS EIRELI;11;232473,86;;;2,750000001;58118,46501;0,916666667;
COMARY INDÚSTRIA DE BEBIDAS LTDA;10,5;8727522,405;;;2,625;2181880,6014;0,875;
"IKM TESTING BRASIL LTDA;";10,5;1869888,315;;;2,625;467472,07889999996;0,875;
MAG BAN MARMORES E GRANITOS AQUIDABAN LTDA;10,22222222;8411777,844;424605,45000000007;2;2,555555556;2102944,461;0,851851852;0,6666666666666666
DETRONIC DESMONTES E TERRAPLANAGEM SA;10;110280,455;;;2,499999999;27570,113750999997;0,833333333;
VERMONT MINERACAO EXPORTACAO E IMPORTACAO LTDA ME;10;7722524,645;;;2,499999999;1930631,1612;0,833333333;
LAZARO DOS SANTOS NASCIMENTO;9,6;1741491,144;164438,79;1;2,4000000000000004;435372,78599999996;0,8;0,3333333333333333
CARLOS AUGUSTO KOPPE FERNANDES & CIA LTDA;9,333333333;2039740,969;940657,7500000001;4;2,333333334;509935,2423;0,777777778;1,3333333333333333
AVELAN MOVEIS LTDA;8,444444444;2394530,942;868774,77;4;2,111111112;598632,7356;0,703703704;1,3333333333333333
CASTELAO COMERCIO DE PECAS LTDA;8,444444444;1064706,142;99325,89;1;2,111111112;266176,53555;0,703703704;0,3333333333333333
KGS ABRASIVOS E FERRAMENTAS DIAMANTADAS LTDA;8,444444444;2990462,609;713886,58;2;2,111111112;747615,6522;0,703703704;0,6666666666666666
ADVIX SOLUÇÕES LTDA;8;147084,04;36771,01;2;2,000000001;36771,00999;0,666666667;0,6666666666666666
ALL MINERACAO LTDA;8;31220,04;7805,01;2;2,000000001;7805,01;0,666666667;0,6666666666666666
BEST TRADE IMPORTACAO E EXPORTACAO LTDA;8;566595,8044;118684,34;2;2,000000001;141648,95112;0,666666667;0,6666666666666666
CHEZ FRANCE EXPORTACAO E IMPORTACAO S/A;8;5076312,609;1791814,5;3;2,000000001;1269078,1521;0,666666667;1
FLYSTONE - MARMORES E GRANITOS LTDA;8;2044585,387;824211,6900000001;5;2,000000001;511146,34679999994;0,666666667;1,6666666666666667
IKM SUBSEA BRASIL LTDA;8;505499,3;;;2,000000001;126374,82501;0,666666667;
IMPORTS AND EXPORTS RIVERS LTDA;8;3705995,4;926498,8500000001;2;2,000000001;926498,8500000001;0,666666667;0,6666666666666666
M S G MARMORES E GRANITOS LTDA;8;1085427,64;271356,91000000003;2;2,000000001;271356,90998999996;0,666666667;0,6666666666666666
MAMERI EXPORT LTDA;8;1416955,36;541800,7;3;2,000000001;354238,8399;0,666666667;1
MILETO DISTRIBUIDORA DE MATERIAIS ELETRICOS LTDA;8;304975,58;43031,92;1;2,000000001;76243,89501;0,666666667;0,3333333333333333
PATRICIO PIOLI;8;2281828,76;570457,1900000001;2;2,000000001;570457,1901;0,666666667;0,6666666666666666
SMART HIDRAULICA E PNEUMATICA LTDA;8;387521,68;96880,42000000001;2;2,000000001;96880,41999;0,666666667;0,6666666666666666
VANIA KUNRATH LTDA;8;3188562,48;797140,62;2;2,000000001;797140,6199999999;0,666666667;0,6666666666666666
BRETON DO BRASIL COMERCIO; IMPORTACAO E EXPORTACAO LTDA;7,555555556;873725,4311;;;1,88888889;218431,35777;0,62962963;
CENTROGRAN GRANITOS CENTRO OESTE LTDA;7,5;1176393,135;;;1,875;294098,28375;0,625;
MASTER ALIMENTOS LTDA;7,5;2342023,955;;;1,875;585505,9887;0,625;
SAMBE COMERCIO ATACADISTA DE PRODUTOS ALIMENTICIOS LTDA;7,2;4131526,472;994066,14;5;1,7999999999999998;1032881,6181000001;0,6;1,6666666666666667
SUNMIGTH INDUSTRIA COMERCIO EXPORTACAO LTDA;7,2;412817,064;27277,230000000003;1;1,7999999999999998;103204,266;0,6;0,3333333333333333
SANTA RITA INDUSTRIA E COMERCIO DE ABRASIVOS LTDA;7,111111111;616476,7422;102325,26000000001;2;1,777777779;154119,18555;0,592592593;0,6666666666666666
"TDC - COMÉRCIO; IMPORTAÇÃO; EXPORTAÇÃO E REPRESENTAÇÃO LTDA;";7;2495307,73;;;1,749999999;623826,9324;0,583333333;
DECOLORES MARMORES E GRANITOS DO BRASIL LTDA;6,666666667;947934,8756;22638,25;1;1,666666668;236983,71888;0,555555556;0,3333333333333333
MARBRASA NORTE MINERADORA LTDA;6,666666667;1482166,364;335237,63;1;1,666666668;370541,5911;0,555555556;0,3333333333333333
PANAN - INDUSTRIA DE MADEIRAS E MOVEIS LTDA;6,666666667;2861221,116;792899,5499999999;2;1,666666668;715305,279;0,555555556;0,6666666666666666
REZZOLUT SOLUÇOES ANTICORROSIVAS LTDA;6,666666667;536489,8622;58869,369999999995;2;1,666666668;134122,46555999998;0,555555556;0,6666666666666666
AGAPE DISTRIBUICAO; IMPORTACAO E EXPORTACAO DE MARMORES E GRANITOS LTD;6,5;1367956,925;;;1,625000001;341989,2312;0,541666667;
BRUMAGRAN PEDRAS ORNAMENTAIS LTDA;6,4;1154635,2;104995,56;1;1,599999999;288658,80000000005;0,533333333;0,3333333333333333
MEKI STONES COMERCIO LTDA;6,222222222;565951,3111;95827,91;1;1,555555557;141487,82778;0,518518519;0,3333333333333333
THE WINE COMERCIO DIGITAL LTDA;6,222222222;1288054,853;802200,6799999999;2;1,555555557;322013,7132;0,518518519;0,6666666666666666
UMI SAN SERVIÇOS DE APOIO A NAVEGAÇÃO E ENGENHARIA LTDA;6,222222222;291902,4133;34664,6;1;1,555555557;72975,60333000001;0,518518519;0,3333333333333333
"A;C;P; INDUSTRIA DE MOVEIS LTDA";6;1043875,55;;;1,5;260968,88751;0,5;
PS2 - COMERCIO E SERVICOS PARA TRATAMENTO DE EFLUENTES LTDA;6;1574665,14;;;1,5;393666,28500000003;0,5;
SURFACE PEDRAS DO BRASIL LTDA;5,6;1839973,696;1004689,4000000001;4;1,400000001;459993,42389999994;0,466666667;1,3333333333333333
"GRANILUXI IND; E COMERCIO DE MARMORES E GRANITOS LTDA;";5,5;876390,98;;;1,374999999;219097,74501;0,458333333;
"S;R; COMERCIO DE OCULOS LTDA";5,5;396608,98;;;1,374999999;99152,24499;0,458333333;
VISTAS REPRESENTACAO COMERCIAL LTDA;5,5;315621,675;33986,47;1;1,374999999;78905,41875000001;0,458333333;0,3333333333333333
ARCOS BRASIL LTDA;5,333333333;197933,9378;151830,65;3;1,333333332;49483,48443;0,444444444;1
PANORAMA COMERCIO DE MARMORES E GRANITOS LTDA;5,333333333;941450,7556;349658,5;1;1,333333332;235362,68889;0,444444444;0,3333333333333333
FLEXO COMERCIAL LTDA;5;390206,6;;;1,250000001;97551,65001000001;0,416666667;
HOLISTIX BRASIL ECOMMERCE LTDA;5;193328,28;35085,55;1;1,250000001;48332,07;0,416666667;0,3333333333333333
JRP COMERCIO DE MATERIAIS ELETRICOS LTDA;5;1052393,975;;;1,250000001;263098,49376;0,416666667;
"MARBRASA MARMORES E GRANITOS DO BRASIL S;A";5;1524067,805;;;1,250000001;381016,9512;0,416666667;
MARMI OROBICI DO BRASIL LTDA;5;1101988,155;;;1,250000001;275497,03875;0,416666667;
BRAMAGRAN BRASILEIRO MARMORE E GRANITO LTDA;4,888888889;5689645,902;804282,0700000001;3;1,222222221;1422411,4755000002;0,407407407;1
CSV LTDA;4,888888889;548590,6444;605803,27;2;1,222222221;137147,66112;0,407407407;0,6666666666666666
MEGA DIAMOND FERRAMENTAS E ABRASIVOS LTDA;4,888888889;1088380,578;606160,75;1;1,222222221;272095,14444;0,407407407;0,3333333333333333
PHV AUT & ENG LTDA;4,8;208653,728;73489,39;1;1,2000000000000002;52163,43201;0,4;0,3333333333333333
MERC DIESEL DISTRIBUIDORA DE PECAS LTDA;4,5;533745,955;;;1,125;133436,48874;0,375;
MINERACAO CAFE LTDA;4,5;960252,485;;;1,125;240063,12126;0,375;
"A;S CONSULTORIA E GERENCIAMENTO EIRELI";4;179530,88;;;0,999999999;44882,720010000005;0,333333333;
ATIVA MARMORES E GRANITOS LTDA;4;695266,88;173816,72;1;0,999999999;173816,72001;0,333333333;0,3333333333333333
BARTO EQUIPAMENTOS PARA EMPRESAS LTDA;4;269075,2;;;0,999999999;67268,79999;0,333333333;
CHIMICA EDILE DO BRASIL LTDA;4;829797,72;207449,43000000002;1;0,999999999;207449,43;0,333333333;0,3333333333333333
COMERCIAL L&A LTDA;4;1326549,578;411054,04;1;0,999999999;331637,3943;0,333333333;0,3333333333333333
DC DIAMANTADOS LTDA;4;1538704,68;384676,17;1;0,999999999;384676,17;0,333333333;0,3333333333333333
DUETTO SERVICOS E COMERCIO DE MARMORES & GRANITOS LTDA;4;674574,28;168643,57;1;0,999999999;168643,56999000002;0,333333333;0,3333333333333333
FCM COMERCIO IMPORTACAO E EXPORTACAO LTDA ME;4;266749,205;;;0,999999999;66687,30126;0,333333333;
IGRAEX TRADING SOLUTIONS LTDA;4;1026012,592;333358,76;3;0,999999999;256503,14798999997;0,333333333;1
IMARF INDUSTRIA DE GRANITOS DO CEARA LTDA;4;618464,04;154616,01;1;0,999999999;154616,01;0,333333333;0,3333333333333333
IMETAME METALMECANICA LTDA;4;152420,8;38105,200000000004;1;0,999999999;38105,199989999994;0,333333333;0,3333333333333333
JOSÉ MARIA PEDRUZZI;4;1147754,6;286938,65;1;0,999999999;286938,65001;0,333333333;0,3333333333333333
LOCALL COMERCIO; SERVIÇOS E REPRESENTAÇÕES LTDA;4;705681,4;;;0,999999999;176420,34999;0,333333333;
LPC GIRARDI - MARMORES & GRANITOS LTDA;4;237874,92;59468,729999999996;1;0,999999999;59468,729999999996;0,333333333;0,3333333333333333
MY PLACE COMÉRCIO E DISTRIBUIÇÃO LTDA;4;2465363,328;935518,4;2;0,999999999;616340,8319999999;0,333333333;0,6666666666666666
PHD COMERCIO E DISTRIBUICAO DE PRODUTOS ALIMENTICIOS EIRELI;4;817562,2;204390,55000000002;1;0,999999999;204390,54999;0,333333333;0,3333333333333333
PLACAS DO BRASIL S/A;4;34096,96;8524,24;1;0,999999999;8524,239999;0,333333333;0,3333333333333333
"R; D; INDUSTRIA QUIMICA LTDA";4;257992,96;;;0,999999999;64498,23999;0,333333333;
SALAMO COMERCIO DE VAREJO LTDA;4;693734,28;173433,57;1;0,999999999;173433,57;0,333333333;0,3333333333333333
SEPTON SERVICOS E ENGENHARIA LTDA;4;163943,92;40985,98;1;0,999999999;40985,97999;0,333333333;0,3333333333333333
SEVEN COMERCIO DE MARMORES E GRANITOS LTDA EPP;4;444268,37;;;0,999999999;111067,09251;0,333333333;
STONEBERRY INDUSTRIA LTDA;4;1553944,72;388486,18;1;0,999999999;388486,1799;0,333333333;0,3333333333333333
TANTO QUANTO RESVESTIMENTOS E ACABAMENTOS LTDA;4;459255,68;114813,92;1;0,999999999;114813,92001;0,333333333;0,3333333333333333
WAXO COMPANY EMBALAGENS E LOCACAO LTDA;4;763850,64;190962,66;1;0,999999999;190962,66;0,333333333;0,3333333333333333
YATHON DO BRASIL INDUSTRIA IMPORTACAO E EXPORTACAO EIRELI;4;527826,592;249105,8;2;0,999999999;131956,64799;0,333333333;0,6666666666666666
ZARUC TECNOLOGIA LTDA;4;837908,0711;544828,04;1;0,999999999;209477,01777;0,333333333;0,3333333333333333
CAJUGRAM GRANITOS E MARMORES DO BRASIL LTDA;3,555555556;582412,7911;324959,73;3;0,8888888880000001;145603,19778;0,296296296;1
DELLMAR TRANSPORTES LTDA;3,555555556;2958732,231;378062,04;1;0,8888888880000001;739683,0579;0,296296296;0,3333333333333333
JH ITALIA COMÉRCIO DE ALIMENTOS LTDA;3,555555556;1036062,031;364740,31;1;0,8888888880000001;259015,50777000003;0,296296296;0,3333333333333333
ROBLE COMERCIAL LTDA;3,555555556;380596,1333;176983,84000000003;2;0,8888888880000001;95149,03332;0,296296296;0,6666666666666666
WINES4U COMERCIO; IMPORTACAO E EXPORTACAO DE VINHOS LTDA;3,555555556;1161530,173;;;0,8888888880000001;290382,54333;0,296296296;
"ALLONDA AMBIENTAL S;A;";3,5;1573850,545;;;0,875000001;393462,6363;0,291666667;
"ALLPRIME PUMPS EQUIPAMENTOS MECANICOS LTDA;";3,5;424055,4;;;0,875000001;106013,84999999999;0,291666667;
CASA DO MARMORE LTDA;3,5;317159;;;0,875000001;79289,75000999999;0,291666667;
DRC DO BRASIL COMERCIO DE RESINA LTDA;3,5;1410296,445;;;0,875000001;352574,1114;0,291666667;
GRANITOS S A;3,5;1221085,915;;;0,875000001;305271,4788;0,291666667;
TROPICAL STONE GRANITOS LTDA;3,5;353485,63;;;0,875000001;88371,40749;0,291666667;
DTA ENGENHARIA LTDA;3,2;3848326,4;2211723,8;1;0,8000000010000001;962081,6001;0,266666667;0,3333333333333333
QUARTZBLUE MINERACAO LTDA;3,2;2610116,208;2211936,36;3;0,8000000010000001;652529,052;0,266666667;1
"AVANTI COMERCIAL EXPORTADORA S;A;";3,111111111;4670977,493;;;0,7777777770000001;1167744,3731999998;0,259259259;
INDICOM IMPORTACAO; DISTRIBUICAO E COMERCIO LTDA;3,111111111;324636,5822;;;0,7777777770000001;81159,14556;0,259259259;
KIKO TECNOLOGIA AGRICOLA LTDA;3,111111111;389492,3422;179675,12;1;0,7777777770000001;97373,08557;0,259259259;0,3333333333333333
MP ACOS MATERIAIS SIDERURGICOS LTDA ME;3,111111111;272719,1733;232301,87;1;0,7777777770000001;68179,79334;0,259259259;0,3333333333333333
ALL MINERAÇÃO LTDA;3;296518,9;;;0,75;74129,72498999999;0,25;
ANTUNES COMERCIO DE FERRAGENS E FERRAMENTAS LTDA;3;619077,67;;;0,75;154769,41749;0,25;
BEGE RIO MARMORES E GRANITOS LTDA EPP;3;179597,94;;;0,75;44899,485;0,25;
BEL OTICA LTDA;3;182421,15;;;0,75;45605,287500000006;0,25;
ERGOS DISTRIBUIDORA DE BEBIDAS LTDA;3;805018,12;;;0,75;201254,52999;0,25;
ESSENCIAL IMPORTACAO E EXPORTACAO LTDA EPP;3;187171,05;;;0,75;46792,7625;0,25;
KUSAMA BRANDING DISTRIBUIDORA LTDA;3;284364,85;;;0,75;71091,21249;0,25;
MP COMERCIO DE MAQUINAS E ABRASIVOS LTDA;3;274534,55;;;0,75;68633,63751;0,25;
MT GRANITOS LTDA;3;271430,215;;;0,75;67857,55374;0,25;
MYPLACE INDUSTRIA E COMERCIO DO VESTUARIO LTDA;3;2560953,75;;;0,75;640238,4375;0,25;
"OLIVEIRA IND; E COM; DE RETENTORES LTDA";3;263448,585;;;0,75;65862,14625;0,25;
PANVAC INDUSTRIA DE MAQUINAS E PECAS LTDA;3;204725,425;;;0,75;51181,356239999994;0,25;
PIEMME IMPORTACAO DE MATERIAIS PARA CONSTRUCAO LTDA;3;89301,69;;;0,75;22325,4225;0,25;
PNR IMPORT COMERCIO DE BEBIDAS E ALIMENTOS FINOS LTDA;3;1197031,78;;;0,75;299257,94499;0,25;
QUALITY CONSULTORIA AMBIENTAL LTDA;3;476056,62;;;0,75;119014,155;0,25;
SANTIAGO VINHOS COMERCIAL LTDA;3;145030,11;;;0,75;36257,527500000004;0,25;
V3SP COMERCIO E ASSESSORIA - EIRELI;3;10134,36;;;0,75;2533,59;0,25;
IRMÃOS PACIFICO COMERCIO ATACADISTA DE AR CONDICIONADO LTDA;2,666666667;562349,4844;236139,92;1;0,666666666;140587,37112;0,222222222;0,3333333333333333
LUMAXXY MATERIAIS ELETRICOS LTDA;2,666666667;1040866,956;372144,99;1;0,666666666;260216,73888000002;0,222222222;0,3333333333333333
AVEX GRANITOS E MARMORES LTDA - EPP;2,5;197731,48;;;0,624999999;49432,86998999999;0,208333333;
FREEBRANDS DISTRIBUIDORA DE COSMETICOS LTDA;2,5;725597,25;;;0,624999999;181399,3125;0,208333333;
MARINNER DO BRASIL PESCA LTDA;2,5;309946,215;;;0,624999999;77486,55374999999;0,208333333;
NAUTICOLA INDUSTRIA E COMERCIO LTDA;2,5;1141297,73;;;0,624999999;285324,43251;0,208333333;
PEMAGRAN PEDRAS MARMORES E GRANITOS LTDA;2,5;387100,14;;;0,624999999;96775,035;0,208333333;
SIMEC DO BRASIL COMERCIAL LTDA;2,5;385308,37;;;0,624999999;96327,09249;0,208333333;
"ATLANTICO MEDICINA ESPECIALIZADA LTDA;";2,4;9628,992;;;0,6000000000000001;2407,248;0,2;
CALAÇA MOTORES LTDA;2,4;2677912,992;1106153,99;1;0,6000000000000001;669478,248;0,2;0,3333333333333333
COVICH LTDA;2,4;113819,112;141878,19;2;0,6000000000000001;28454,778;0,2;0,6666666666666666
ECOBRAX INDUSTRIA E COMERCIO LTDA;2,4;160700,256;804,15;1;0,6000000000000001;40175,064;0,2;0,3333333333333333
VK TRADING IMPORTACAO E EXPORTACAO LTDA;2,4;590958,32;106998,38;1;0,6000000000000001;147739,58001;0,2;0,3333333333333333
BIONATURAL INDUSTRIA LTDA;2,222222222;607243,8267;612252,56;2;0,555555555;151810,95666000003;0,185185185;0,6666666666666666
AITEC COMERCIO LTDA;2;417444,89;;;0,500000001;104361,22250999999;0,166666667;
ALLONDA AMBIENTAL ENGENHARIA LTDA;2;715992,23;;;0,500000001;178998,05751;0,166666667;
ALLONDA AMBIENTAL LTDA;2;33469,4;;;0,500000001;8367,350000999999;0,166666667;
AMPSENSE EMS BRASIL LTDA;2;425844,57;;;0,500000001;106461,1425;0,166666667;
BSPIN IMPORTACAO E EXPORTACAO LTDA;2;65163,27;;;0,500000001;16290,817500000001;0,166666667;
CAMAR CAMARAO MARICULTURA LTDA;2;258879,54;;;0,500000001;64719,884999999995;0,166666667;
CS STONE COMERCIO DE PEDRAS LTDA;2;89059,31;;;0,500000001;22264,827501;0,166666667;
DALEGRIA INDUSTRIA DE COSMETICOS LTDA;2;712048,065;;;0,500000001;178012,01625000002;0,166666667;
DECORAL STONES INDUSTRIAL DE GRANITOS LTDA - EPP;2;124965,37;;;0,500000001;31241,34249;0,166666667;
DO PORTO FRIGORIFICO LTDA;2;115656,95;;;0,500000001;28914,237501;0,166666667;
E&S DISTRIBUIDORA DE PNEUS SA;2;1028329,66;;;0,500000001;257082,41499000002;0,166666667;
FLAVIA CAPOBIANCO GAROFALO;2;75307,03;;;0,500000001;18826,757499;0,166666667;
GP GRANITOS PIGATI LTDA EPP;2;154781,85;;;0,500000001;38695,462499999994;0,166666667;
GRAN STONE MARMORES E GRANITOS LTDA;2;198379,09;;;0,500000001;49594,77249;0,166666667;
GRANLUB GRANITOS LTDA EPP;2;120060,09;;;0,500000001;30015,0225;0,166666667;
INTENSE ABRASIVOS LTDA;2;110866,65;;;0,500000001;27716,662500000002;0,166666667;
ITRAC - COMERCIO; IMPORTACAO; EXPORTACAO E DISTRIBUICAO LTDA;2;570960,5;;;0,500000001;142740,12501;0,166666667;
J&F MARMORES GRANITOS E IMPORTADOS LTDA;2;219789,37;;;0,500000001;54947,342489999995;0,166666667;
JOAO FERREIRA DE LACERDA MARMORE;2;256568,69;;;0,500000001;64142,172510000004;0,166666667;
JVS MARMORES E GRANITOS LTDA;2;359252,015;;;0,500000001;89813,00375999999;0,166666667;
M A TRANSPORTES LTDA ME;2;673589,88;;;0,500000001;168397,47;0,166666667;
MARMORARIA K-LU LTDA;2;326835,98;;;0,500000001;81708,99501;0,166666667;
MATAVELLI GRANITOS LTDA;2;104157,27;;;0,500000001;26039,317499999997;0,166666667;
MG2 MARMORES E GRANITOS LTDA;2;198120,01;;;0,500000001;49530,00249;0,166666667;
MUY BELA MAGAZINE COMERCIO LTDA;2;147846,66;;;0,500000001;36961,665;0,166666667;
NATURALE GRANITOS E MARMORES LTDA;2;284070,52;;;0,500000001;71017,62999;0,166666667;
NOBREDO COMÉRCIO E LOGÍSTICA LTDA;2;558056,19;;;0,500000001;139514,04750000002;0,166666667;
"NOVA GERACAO COMESTIVEIS S;A";2;2076840,06;;;0,500000001;519210,015;0,166666667;
PHV AUTOMACAO E ENGENHARIA LTDA;2;52443,4;;;0,500000001;13110,849999000002;0,166666667;
POLIDECK REVESTIMENTOS TECNICOS LTDA;2;244125,88;;;0,500000001;61031,46999;0,166666667;
PROTEUS EMBALAGENS - LTDA;2;298763,42;;;0,500000001;74690,85501;0,166666667;
RLV EQUIPAMENTOS LTDA;2;308010,91;;;0,500000001;77002,72749;0,166666667;
RRBR IMPORTAÇÃO E EXPORTAÇÃO LTDA;2;12144,26;;;0,500000001;3036,065001;0,166666667;
S L WEBER SERVICOS EPP;2;337304,285;;;0,500000001;84326,07126;0,166666667;
SABRINA BAIENSE SILVA - ME;2;977009,92;;;0,500000001;244252,47999;0,166666667;
STONE CENTER COMERCIO ATACADISTA DE MARMORES LTDA;2;163002,64;;;0,500000001;40750,65999;0,166666667;
TRANSUIÇA LOCAÇÃO E PRESTAÇÃO DE SERVIÇO LTDA;2;725212,31;;;0,500000001;181303,07751;0,166666667;
TROPICAL & MAGIC DISTRIBUIDORA DE ALIMENTOS E BEBIDAS LTDA;2;303886,28;;;0,500000001;75971,57001;0,166666667;
TUBOARTE INDUSTRIA E COMERCIO LTDA;2;617339,02;;;0,500000001;154334,75499;0,166666667;
UNIMARMORE UNIDADE INDUSTRIAL DE MARMORE LTDA;2;146703,87;;;0,500000001;36675,9675;0,166666667;
VALDECI GONCALVES PEREIRA LTDA;2;206246,08;;;0,500000001;51561,51999;0,166666667;
AMEX GRANITOSLTDA;1,777777778;170947,28;62310,42;1;0,44444444400000005;42736,820009999996;0,148148148;0,3333333333333333
ASAFE PRESENTES LTDA;1,777777778;168274,5733;1541,1200000000001;1;0,44444444400000005;42068,64333;0,148148148;0,3333333333333333
IB NDT SERVICOS DE INSPECAO E COMERCIO S/A;1,777777778;384315,8267;172793,48;1;0,44444444400000005;96078,95667;0,148148148;0,3333333333333333
JPES COMERCIO ATACADISTA DE PECAS E ACESSORIOS LTDA;1,777777778;1088102,991;810547,78;1;0,44444444400000005;272025,74778;0,148148148;0,3333333333333333
MARMORARIA CAMPO NOVO LTDA;1,777777778;161446,4667;2867,01;1;0,44444444400000005;40361,61666;0,148148148;0,3333333333333333
MINERACAO VULCANO LTDA;1,777777778;309030,3244;516661,29;2;0,44444444400000005;77257,58112;0,148148148;0,6666666666666666
ABAV - ABATEDOURO ATILIO VIVACQUA LTDA;1,6;716402,888;439528,21;1;0,399999999;179100,72201;0,133333333;0,3333333333333333
CCN COMERCIAL CENTRO NORTE ALIMENTOS LTDA;1,6;309761,056;208202,95;1;0,399999999;77440,26399;0,133333333;0,3333333333333333
COMERCIAL CRISPIM LTDA;1,6;305549,504;377423,29;1;0,399999999;76387,37601;0,133333333;0,3333333333333333
EMBALEV IND DE EMBALAGENS LTDA;1,6;123545,368;41217,96;1;0,399999999;30886,34199;0,133333333;0,3333333333333333
FAMAGRAN FACHIM MARMORES E GRANITOS LTDA;1,6;277059,888;178417,54;1;0,399999999;69264,97200000001;0,133333333;0,3333333333333333
NEO OPTICAL LTDA;1,6;300477,088;82096,57;1;0,399999999;75119,27199000001;0,133333333;0,3333333333333333
QUALITEC FERRAMENTAS E MÁQUINAS LTDA;1,6;96709,896;46848,81;1;0,399999999;24177,474000000002;0,133333333;0,3333333333333333
TERMINAL ARTIGOS DE PESCA LTDA;1,6;183718,36;33683,31;1;0,399999999;45929,58999;0,133333333;0,3333333333333333
"ALIANCA GRANITOS LTDA;";1,5;119214,675;;;0,375;29803,668749999997;0,125;
AREA COMERCIO E INDUSTRIA DE PEDRAS LTDA;1,5;215162,745;;;0,375;53790,68625;0,125;
BOER DO BRASIL LTDA;1,5;496555,235;;;0,375;124138,80875999999;0,125;
CD IMPORTADORA LTDA;1,5;203601,365;;;0,375;50900,34126;0,125;
COMERCIAL L&AH LTDA;1,5;536617,34;;;0,375;134154,33500999998;0,125;
DISMAPRI COMERCIO; IMPORTACAO E EXPORTACAO LTDA;1,5;147246,75;;;0,375;36811,6875;0,125;
DUETTO SERVICOS DE MARMORES & GRANITOS LTDA;1,5;141625,715;;;0,375;35406,42876;0,125;
DYNAMIS MATERIAIS LTDA;1,5;217963,545;;;0,375;54490,886249999996;0,125;
ELETRICA ENERGY LTDA;1,5;100149,03;;;0,375;25037,2575;0,125;
FM CASUAL COSMETICOS COMERCIO; DISTRIBUICAO; IMPORTACAO E EXPORTACAO L;1,5;334876,485;;;0,375;83719,12125;0,125;
GRANITOS SANTOS DUMONT LTDA EPP;1,5;471929,73;;;0,375;117982,4325;0,125;
GRANSAL GRANITOS ARACRUZ LTDA;1,5;188447,96;;;0,375;47111,99001;0,125;
JAC PNEUS LTDA;1,5;674297,04;;;0,375;168574,26;0,125;
LEANDRO DA SILVA MOTA;1,5;189325,775;;;0,375;47331,443759999995;0,125;
MAGNITOS MAGNAGO GRANITOS LTDA;1,5;389860,545;;;0,375;97465,13625;0,125;
MARGRAMAR GRANITOS LTDA;1,5;55487,715;;;0,375;13871,92875;0,125;
POLICAST MARMORES E GRANITOS LTDA;1,5;539197,665;;;0,375;134799,41625;0,125;
VERONA DISTRIBUIDORA DE MARMORES E GRANITOS LTDA ME;1,5;169700,54;;;0,375;42425,13501;0,125;
FILOFORT UTENSILI DIAMANTATI PER MARMO E GRANITO LTDA;1,333333333;300705,6356;11322,259999999998;5;0,333333333;75176,40888;0,111111111;1,6666666666666667
OLIVEIRA MATERIAIS DE VEDACAO LTDA EPP;1,333333333;214588,7067;118761,03;1;0,333333333;53647,176660000005;0,111111111;0,3333333333333333
SIDERAL INDUSTRIA E COMERCIO LTDA EPP;1,333333333;76013,24;35107,61;1;0,333333333;19003,310000999998;0,111111111;0,3333333333333333
TRANSPORTES SARZEDO LTDA;1,333333333;385769,28;312598,44;1;0,333333333;96442,31999999999;0,111111111;0,3333333333333333
"VINIAL IMPORTAÇÃO E EXPORTAÇÃO LTDA;";1,333333333;165153,0311;;;0,333333333;41288,25777;0,111111111;
"35;891;587 LUIZ PORTO JUNIOR";1;42006,82;;;0,24999999899999997;10501,704999000001;0,083333333;
"A;M; TERRAPLANAGEM LTDA";1;432692,82;;;0,24999999899999997;108173,205;0,083333333;
"A;R;L;P STONE LTDA";1;176283,075;;;0,24999999899999997;44070,76875;0,083333333;
ACERTCOMEX CONSULTORIA ADUANEIRA LTDA;1;2867,01;;;0,24999999899999997;716,7524999999999;0,083333333;
ACM STONE DO BRASIL LTDA;1;35493,6;;;0,24999999899999997;8873,400000000001;0,083333333;
ACRIHOUSE INDUSTRIA E COMERCIO DE PLASTICOS LTDA;1;2867,01;;;0,24999999899999997;716,7524999999999;0,083333333;
ALBAMEZ INDUSTRIA DE PRODUTOS DE LIMPEZA LTDA;1;320678,855;;;0,24999999899999997;80169,71376;0,083333333;
ALESSANDRO GRANITOS LTDA;1;60603,2;;;0,24999999899999997;15150,800001;0,083333333;
ALLPRIME PUMPS EQUIPAMENTOS MECANICOS LTDA;1;4219,51;;;0,24999999899999997;1054,8774999;0,083333333;
APPETITO ALIMENTOS E BEBIDAS LTDA;1;84577,3;;;0,24999999899999997;21144,324999;0,083333333;
AQUARELA SILK & SIGN COMERCIO E IMPORTACAO LTDA;1;247763,45;;;0,24999999899999997;61940,862510000006;0,083333333;
ARC AR COMPRIMIDO LTDA;1;745,88;;;0,24999999899999997;186,47000001;0,083333333;
ARMANI TRANSPORTES S A;1;356013,97;;;0,24999999899999997;89003,49249;0,083333333;
ATLAS MARMORES LTDA;1;152742,37;;;0,24999999899999997;38185,592489999995;0,083333333;
AURORA HOME RESORT SPE LTDA;1;233499,49;;;0,24999999899999997;58374,87249000001;0,083333333;
BANDEIRAS E VONTADES BRASIL; IMPORTAÇÃO; EXPORTAÇÃO E COMÉRCIO LTDA;1;34897,33;;;0,24999999899999997;8724,332499;0,083333333;
"Barbosa & Barbosa - Engenharia Elétrica Ltda;";1;1395,85;;;0,24999999899999997;348,9624999;0,083333333;
BEE COMERCIO; DISTRIBUICAO; IMPORTACAO E EXPORTACAO DE COSMETICOS LTDA;1;603654,13;;;0,24999999899999997;150913,53249;0,083333333;
BOM GOSTO 2010 COMERCIO DE ALIMENTOS LTDA;1;480683,8;;;0,24999999899999997;120170,94999000001;0,083333333;
BOTANICO MARMORARIA LTDA;1;329746,14;;;0,24999999899999997;82436,535;0,083333333;
BRASILEIRO STORE WINE LTDA;1;363617,69;;;0,24999999899999997;90904,42251;0,083333333;
CAETE MARMORES E GRANITOS LTDA;1;106450,76;;;0,24999999899999997;26612,690001000003;0,083333333;
CARBON SOLUTION INDUSTRIA E COMERCIO LTDA;1;314,64;;;0,24999999899999997;78,66;0,083333333;
CCM ENGENHARIA;1;2393,865;;;0,24999999899999997;598,4662500000001;0,083333333;
CCM ENGENHARIA LTDA;1;427968,35;;;0,24999999899999997;106992,08751000001;0,083333333;
CENTRO OESTE COMERCIO DE MAQUINAS DE MOVIMENTACAO LTDA;1;466294,22;;;0,24999999899999997;116573,55500999998;0,083333333;
CESTA DE ALIMENTOS BRASIL LTDA;1;1217,07;;;0,24999999899999997;304,2675;0,083333333;
CIMOL - COMERCIO E INDUSTRIA DE MOVEIS LTDA;1;239895,86;;;0,24999999899999997;59973,96501;0,083333333;
CLARA AUTOPECAS LTDA;1;146850,52;;;0,24999999899999997;36712,62999;0,083333333;
COLATINA MARMORES E GRANITOS LTDA;1;99204,14;;;0,24999999899999997;24801,035001000004;0,083333333;
COLINAS TRANSPORTES LTDA;1;438946,54;;;0,24999999899999997;109736,63498999999;0,083333333;
COMERCIAL L&AH LTDA - EPP;1;385163,14;;;0,24999999899999997;96290,78499;0,083333333;
COMERCIAL VILLA SIMPATIA LTDA;1;619862;;;0,24999999899999997;154965,50001;0,083333333;
"COMPANHIA M; FRIES";1;373498,12;;;0,24999999899999997;93374,52999;0,083333333;
COOPERATIVA DE LATICINIOS SELITA;1;196,68;;;0,24999999899999997;49,17;0,083333333;
COSTA GRANITOS LTDA;1;238386,375;;;0,24999999899999997;59596,59375;0,083333333;
CUSTOMER CENTRIC CONSULTING LTDA;1;192335,14;;;0,24999999899999997;48083,78499;0,083333333;
DN INDUSTRIA E COMÉRCIO DE BICICLETAS;1;226490,5;;;0,24999999899999997;56622,624990000004;0,083333333;
DUAS BARRAS INDUSTRIA DE GRANITOS E MARMORES LTDA EPP;1;56275,32;;;0,24999999899999997;14068,829999999998;0,083333333;
"E; P; DE OLIVEIRA - VEDACAO E FIXACAO EIRELI EPP";1;313062,26;;;0,24999999899999997;78265,56500999999;0,083333333;
ECR OTICA LTDA;1;157840,52;;;0,24999999899999997;39460,13001;0,083333333;
EDGRAN MARMORES E GRANITOS LTDA;1;152290,955;;;0,24999999899999997;38072,73876;0,083333333;
EDUARDO FARIAS TORRES;1;135337,345;;;0,24999999899999997;33834,336240000004;0,083333333;
ESTILO AR COMERCIO DE PECAS LTDA;1;482611,63;;;0,24999999899999997;120652,90749;0,083333333;
FERGRAN COMERCIO DE MARMORES E GRANITOS LTDA;1;157222,94;;;0,24999999899999997;39305,73501;0,083333333;
FIXE ETIQUETAS E COMERCIO LTDA ME;1;291685,19;;;0,24999999899999997;72921,29751;0,083333333;
FMC DISTRIBUIDORA DE PNEUS LTDA;1;317170,46;;;0,24999999899999997;79292,61501000001;0,083333333;
"G;R;D; GRANITOS RIO DOCE LTDA";1;112300,05;;;0,24999999899999997;28075,012499999997;0,083333333;
GAP STONE MARMORES E GRANITOS LTDA;1;61568,98;;;0,24999999899999997;15392,244998999999;0,083333333;
GIOVANNETTI AGENCIAMENTO E REPRESENTACAO DE NEGOCIOS INTERNACIONAISLTD;1;226904,5;;;0,24999999899999997;56726,124990000004;0,083333333;
GLOBAL CARBON PROJETOS AMBIENTAIS LTDA;1;2352723,97;;;0,24999999899999997;588180,9924;0,083333333;
GMA TRANSPORTES LTDA;1;457721,46;;;0,24999999899999997;114430,365;0,083333333;
"GOLDNER & CO; INDUSTRIA E COMERCIO DE PRODUTOS ODONTOLOGICOS LTDA";1;1221,77;;;0,24999999899999997;305,4425001;0,083333333;
GRAM SUL GRANITOS E MARMORES LTDA;1;175976,88;;;0,24999999899999997;43994,22;0,083333333;
GRAN CAVE LTDA;1;301649,06;;;0,24999999899999997;75412,26501;0,083333333;
GRANDE RIO ALIMENTOS LTDA;1;80730,14;;;0,24999999899999997;20182,535001;0,083333333;
GRANFACCIN GRANITOS LTDA;1;74428,72;;;0,24999999899999997;18607,179999;0,083333333;
GRANFACCIN IMPORT AND EXPORT STONES LTDA;1;73443,34;;;0,24999999899999997;18360,834999;0,083333333;
GRANITOS ROMA LTDA EPP;1;149824,1;;;0,24999999899999997;37456,02501;0,083333333;
GSK BRASIL LTDA;1;4020,3;;;0,24999999899999997;1005,0749999999999;0,083333333;
HIMAYA S/A;1;174717,84;;;0,24999999899999997;43679,46;0,083333333;
HOSPITAL DO RIM DE JANAUBA LTDA;1;30480,92;;;0,24999999899999997;7620,230001;0,083333333;
HP AUTOMACAO LTDA;1;43856,02;;;0,24999999899999997;10964,004999;0,083333333;
INDUSTRIA DE MARMORES ITALVA LIMITADA;1;1640845,13;;;0,24999999899999997;410211,2826;0,083333333;
INDUSTRIA DE MOVEIS RIODOCE LTDA;1;248452,54;;;0,24999999899999997;62113,13499;0,083333333;
INOVE GRANITOS LTDA;1;8776775;;;0,24999999899999997;2194193,7501;0,083333333;
IRMAOS CLARA LTDA;1;147078,77;;;0,24999999899999997;36769,69251;0,083333333;
ITAICI COMERCIO DE PEDRAS LTDA;1;652302,575;;;0,24999999899999997;163075,64376;0,083333333;
ITALIA HOME INDUSTRIA E COMERCIO DE MARMORES LTDA;1;4020,3;;;0,24999999899999997;1005,0749999999999;0,083333333;
ITAMARATI AUTOMOTIVA LTDA;1;330384,15;;;0,24999999899999997;82596,0375;0,083333333;
JARDIM PANC COMÉRCIO E DISTRIBUIÇÃO DE BEBIDAS S/A;1;384740,31;;;0,24999999899999997;96185,0775;0,083333333;
JFD BRAZING & TOOLS BRAZIL LTDA;1;378544,42;;;0,24999999899999997;94636,10499;0,083333333;
JR REFRIGERACAO INDUSTRIAL LTDA;1;179142,76;;;0,24999999899999997;44785,68999;0,083333333;
"JRD MARMORES E GRANITOS LTDA; ME";1;55385,9;;;0,24999999899999997;13846,475001;0,083333333;
JTS GRANITOS DO BRASIL LTDA;1;141528,86;;;0,24999999899999997;35382,21501;0,083333333;
K2 DISTRIBUIDORA E COMERCIO DE ALIMENTOS LTDA;1;261119,05;;;0,24999999899999997;65279,762489999994;0,083333333;
L G COMERCIO DE LENTES LTDA;1;37461,2;;;0,24999999899999997;9365,300001;0,083333333;
LABORATÓRIO DE ANATOMIA PATOLOGICA E CITOLOGIA LTDA;1;30927,41;;;0,24999999899999997;7731,852500999999;0,083333333;
LATINO AMERICANA METAIS LTDA;1;83602,71;;;0,24999999899999997;20900,677499999998;0,083333333;
LEIFIL MOVEIS LTDA;1;196955,07;;;0,24999999899999997;49238,7675;0,083333333;
LOCASIM COMERCIO; INDUSTRIA E LOCACAO DE MAQUINAS LTDA;1;218955,79;;;0,24999999899999997;54738,94749;0,083333333;
LULI DISTRIBUIDORA DE COSMETICOS LTDA;1;717958,04;;;0,24999999899999997;179489,51001;0,083333333;
LUMAX MATERIAIS ELETRICOS LTDA;1;920,1;384259,73;1;0,24999999899999997;230,02499999999998;0,083333333;0,3333333333333333
"M;G;B MARMORES E GRANITOS DO BRASIL EIRELI";1;55396,15;;;0,24999999899999997;13849,037499000002;0,083333333;
"MAGNIFICAT SERVICOS COMERCIO E REPRESENTACOES LTDA;";1;77394,91;;;0,24999999899999997;19348,727499;0,083333333;
MAKRO ENGENHARIA LTDA;1;433449,79;;;0,24999999899999997;108362,44748999999;0,083333333;
MARMIL MARMORE MIMOSO COMERCIO EXPORTACAO E IMPORTACAO LTDA;1;59728,93;;;0,24999999899999997;14932,232499;0,083333333;
MARMORARIA GUANDU SAPE LTDA;1;140396,2;;;0,24999999899999997;35099,04999;0,083333333;
MARMORARIA PADRE VICTOR LTDA;1;148091,62;;;0,24999999899999997;37022,904989999995;0,083333333;
MARMORARIA SÃO JORGE RIO PRETO LTDA;1;300;;;0,24999999899999997;75;0,083333333;
MATOS MOVEIS PLANEJADOS LTDA;1;227037,315;;;0,24999999899999997;56759,32875;0,083333333;
MEANI MARMORES E GRANITOS LTDA;1;1516595,47;;;0,24999999899999997;379148,8674;0,083333333;
MG ATELIE LTDA;1;158411,71;;;0,24999999899999997;39602,92749;0,083333333;
MILAO RODAS LTDA;1;262899,215;;;0,24999999899999997;65724,80376;0,083333333;
MS GRANITOS DO BRASIL LTDA ME;1;117507,96;;;0,24999999899999997;29376,989999999998;0,083333333;
NAINE INDUSTRIA E TRANSPORTES LTDA;1;205681,565;;;0,24999999899999997;51420,391260000004;0,083333333;
NETO PNEUS;1;321520,95;;;0,24999999899999997;80380,23749999999;0,083333333;
NORDESTE STONE LTDA;1;175111,46;;;0,24999999899999997;43777,86501;0,083333333;
NORTES TRANSPORTE COMERCIO E SERVICOS LTDA;1;302506,28;;;0,24999999899999997;75626,57001;0,083333333;
NOVO HORIZONTE MARMORES E GRANITOS LTDA;1;72547,14;;;0,24999999899999997;18136,785;0,083333333;
NOVO IMPERIO MARMORES E GRANITOS LTDA;1;106024,02;;;0,24999999899999997;26506,004999999997;0,083333333;
OCIDENTAL GRANITOS E MARMORES LTDA;1;32952,96;;;0,24999999899999997;8238,24;0,083333333;
OLIVEIRA ROLAMENTOS LTDA;1;117877,8;;;0,24999999899999997;29469,449999999997;0,083333333;
PAZIGRAM PAZINI GRANITOS E MARMORES LTDA;1;338432,12;;;0,24999999899999997;84608,03001;0,083333333;
PEDRAS DO BRASIL COMERCIO IMPORTACAO  E EXPORTACAO LTDA;1;1210617,93;;;0,24999999899999997;302654,4825;0,083333333;
PEDRASUL LTDA;1;67219,19;;;0,24999999899999997;16804,797501;0,083333333;
PEK TEKNEP OVERSEAS ENGENHARIA S/A;1;73434,18;;;0,24999999899999997;18358,545000000002;0,083333333;
PHT TRANSPORTES LTDA;1;313157,52;;;0,24999999899999997;78289,38;0,083333333;
PHV PNEUMATICA E HIDRAULICA VITORIA LTDA;1;363095,48;;;0,24999999899999997;90773,87001;0,083333333;
POLIMENTOS ZOPPE MARMORES E GRANITOS LTDA EPP;1;3835,51;;;0,24999999899999997;958,8774999;0,083333333;
POLIROCHAS EXPORT LTDA;1;100965,65;;;0,24999999899999997;25241,412501;0,083333333;
QUALITY CONSTRUTORA E INCORPORADORA LTDA EPP;1;141068,74;;;0,24999999899999997;35267,18499;0,083333333;
QUARTZBLUE QUARTZITOS DO BRASIL LTDA;1;753339,21;;;0,24999999899999997;188334,8025;0,083333333;
QUIMICA VERDE RODOVIARIO LTDA;1;140446,89;;;0,24999999899999997;35111,722499999996;0,083333333;
RAL PETRAS DO BRASIL LTDA;1;2680,2;;;0,24999999899999997;670,05;0,083333333;
RBS MATERIAL ELETRICO LTDA;1;314,64;;;0,24999999899999997;78,66;0,083333333;
REAL WM MARMORARIA LTDA;1;301942,11;;;0,24999999899999997;75485,5275;0,083333333;
RENATA GONCALVES PIMENTA LTDA;1;73364,48;;;0,24999999899999997;18341,120001000003;0,083333333;
REZZOLUT SOLUÇÕES ANTICORROSIVAS LTDA;1;38387,84;;;0,24999999899999997;9596,960001;0,083333333;
ROCKTOOLS BRASIL - FERRAMENTAS DIAMANTADAS LTDA;1;96432,455;;;0,24999999899999997;24108,113750999997;0,083333333;
RPM COMERCIO IMPORTAÇÃO E EXPORTAÇÃO LTDA;1;17569,49;;;0,24999999899999997;4392,372501;0,083333333;
"S;M;H; INDÚSTRIA E COMÉRCIO EXPORTADORA DE ROCHAS ORNAMENTAIS LTDA";1;183802,125;;;0,24999999899999997;45950,53125;0,083333333;
S2A MINERACAO LTDA;1;182879,605;;;0,24999999899999997;45719,90124;0,083333333;
SANEVIX ENGENHARIA LTDA;1;302298,48;;;0,24999999899999997;75574,62;0,083333333;
SERRANALOG TRANSPORTES LTDA;1;269413,01;;;0,24999999899999997;67353,25250999999;0,083333333;
SOMAR PECAS DIESEL LTDA;1;434168,38;;;0,24999999899999997;108542,09499;0,083333333;
SS SERVICOS DE MANUTENCAO E COMERCIO LTDA;1;87200,55;;;0,24999999899999997;21800,137499999997;0,083333333;
SUPER CLASSICO COMERCIO IMPORTACAO E EXPORTACAO LTDA;1;45602,74;;;0,24999999899999997;11400,684999000001;0,083333333;
SV TRANSPORTES E LOGISTICA LTDA;1;402955,56;;;0,24999999899999997;100738,88999999998;0,083333333;
TANTO QUANTO REVESTIMENTOS E ACABAMENTOS LTDA;1;314343,555;;;0,24999999899999997;78585,88875;0,083333333;
TDI BRASIL REPRESENTACOES E COMERCIO LTDA;1;209692,41;;;0,24999999899999997;52423,1025;0,083333333;
TERRA GRANITOS SC;1;95194,6;;;0,24999999899999997;23798,649999;0,083333333;
TOP COMERCIO DE MARMORES E GRANITOS LTDA;1;154400,46;;;0,24999999899999997;38600,115;0,083333333;
TRANSPORTADORA NOIVA DA COLINA DE PIRACICABA LTDA;1;140446,89;;;0,24999999899999997;35111,722499999996;0,083333333;
TRANSPORTES POLONI LTDA;1;343054,86;;;0,24999999899999997;85763,715;0,083333333;
"TRANSUICA LOCACAO E PRESTACAO DE SERVICOS LTDA;";1;584489,915;;;0,24999999899999997;146122,47876;0,083333333;
VILA VITORIA MERCANTIL DO BRASIL LTDA;1;232314,4;;;0,24999999899999997;58078,599989999995;0,083333333;
WINES4U COMERCIO VAREJISTA LTDA;1;373468,37;;;0,24999999899999997;93367,09251;0,083333333;
XANDAO LOG LTDA;1;371866,99;;;0,24999999899999997;92966,74749000001;0,083333333;
Z - LION BRASIL ARTIGOS PARA MARMORARIA LTDA;1;117752,91;;;0,24999999899999997;29438,2275;0,083333333;
;;;8456040,64;45;;;;15
